CONTROLN,STATE,GENDER,HV1,IC1,IC4,HVP1,IC5,POBC1,POBC2,IC2,IC3,AVGGIFT,TCODE,DOB,DOMAIN,TARGET_D
44060,FL,M,AAA896,392,520,7,21975,6,16,430,466,28,1,1901,C2,100
96093,IL,M,537.00,365,473,0,19387,1,89,415,410,5.666666667,0,0,T2,7
43333,FL,F,725.00,301,436,3,18837,11,17,340,361,4.111111111,0,2501,C2,5
21885,NC,M,AAA1095,401,413,7,14014,1,74,407,399,27.27777778,0,2208,T2,38
190108,FL,F,995.00,252,348,0,17991,5,6,280,316,6,28,0,C2,5
100640,IL,M,764.00,457,501,1,16022,2,75,477,480,25.57142857,1,6104,S2,30
18581,NC,female,775.00,318,419,5,13491,0,73,364,380,4.625,0,4407,R2,12
119038,TX,M,890.00,519,560,0,17872,2,46,525,551,6.175,1002,0,C1,7
173223,CA,F,,184,250,0,8708,2,63,206,235,8.818181818,0,1801,T2,10
157988,CA,F,AAA2294,593,617,61,17838,7,62,,619,6.666666667,28,0,S1,10
141720,NV,F,1569,673,781,22,25775,3,44,672,785,13,28,5401,T1,5
186272,CA,F,3515,521,588,97,20068,11,54,565,549,8.64,2,3401,U1,10
154301,Cali,F,1026,459,496,1,13803,12,52,470,491,11.25,2,2801,T2,10
189722,AP,Male,0,0,0,0,0,0,0,0,0,5.727272727,1,0,0,6
188304,KS,F,376,263,316,0,10755@,1,75,303,287,10.55,0,2405,T2,10
73699,MI,,890,463,523,1,9493,5,53,474,512,11.28571429,1,5102,S1,15
31977,FL,F,1513,521,702,31,28124,3,24,599,615,18.5,2,2701,T1,28
44336,FL,F,948,330,411,4,17728,6,8,365,368,15,0,6501,C2,15
127823,TX,F,258,64,74,0,4236,0,94,60,93,5.45,2,2301,C3,6
150739,CA,U,1951,556,625,44,17208,10,66,578,619,9.681818182,2,5410,S1,12
41384,FL,F,556,318,,0,11779,16,22,358,320,9.428571429,28,5107,S3,12
114721,OK,,1040,472,656,0,26962,2,56,609,579,11.66666667,0,0,C2,15
111795,AR,,603,208,341,2,12038,1,70,264,288,5,0,0,0,5
64480,IN,F,526,277,370,1,12826,1,80,336,317,7.142857143,28,0,T2,10
87259,MT,M,717,302,432,1,15614,1,53,458,349,9.7,2,4304,C1,25
115823,TX,M,1011,593,650,1,17606,5,61,588,650,6.5,0,0,S1,15
95701,IL,M,1063,255,317,3,14023,16,53,260,312,8.372790698,1,4406,S2,5
5172,IL,M,291,136,212,0,8370,5,67,168,180,10.61111111,1,6105,R3,10
152486,CA,M,1538,271,393,11,15627,5,49,317,342,5.5,1,2401,S2,5
153880,WI,F,592,244,392,1,12220,3,74,341,306,12.5,2,5001,S1,5
101855,MO,M,871,340,416,6,15336,0,71,385,365,7.857142857,1,2401,C2,10
62932,IN,M,403,174,264,1,9704,0,45,240,201,8,1,0,S3,10
125930,TX,F,715,339,396,1,12617,3,88,378,371,6,0,4806,R2,7.5
173653,HI,F,2346,420,503,67,14552,5,78,446,468,15.5,28,2401,C2,21
11011,FL,M,559,232,269,0,10511,11,20,270,257,12.61111111,1002,2601,S3,20
116894,TX,M,,368,531,5,33797,2,42,457,450,12.25,1,2201,U1,20
154245,CA,F,596,164,190,0,5273,23,57,168,181,16.5,2,4304,R1,15
134773,UT,M,706,362,394,1,10420,1,82,376,379,15,1,3201,C3,25
26271,GA,F,878,310,588,30,22281,4,55,517,433,10.13333333,28,3701,C2,16
180292,WA,F,1275,405,545,21,20971,6,51,453,500,6.6,28,2105,C2,10
10145,CA,F,2362,613,678,74,21179,9,61,632,655,8.928571429,2,5401,C1,5
133806,ID,U,718,226,357,0,17292,0,39,280,278,20,0,0,T2,15
112632,CT,M,2531,669,750,77,21094,6,51,730,696,8.272727273,2,5001,0,11
143253,CA,F,2089,275,356,56,10484,53,36,296,322,7.125,0,2101,U3,5
403,AL,J,765,408,472,1,15150,1,68,430,441,33.5,0,3901,0,35
189882,ND,F,832,310,376,0,11972,1,85,338,348,10,0,4201,C2,10
119570,TX,M,1458,299,446,8,19185,4,56,354,356,6.181818182,1,5201,S1,10
144021,CA,F,1590,240,257,25,7559,57,34,238,262,13.5,0,4903,U4,15
93356,IL,F,613,212,355,0,11792,1,60,245,294,11.83333333,0,3705,U2,25
24711,SC,F,477,256,316,0,10621,1,80,282,292,5.875,0,0,T2,10
74914,IA,F,424,192,256,0,9497,1,78,256,230,4.863636364,0,1501,T2,6
6909,CO,M,383,252,380,0,14045,0,78,256,359,13.82352941,1,2801,R3,15
124543,TX,M,688,422,490,0,16561,0,84,466,457,11.06666667,1002,5811,T1,18
163018,CA,M,3500,351,407,57,26034,36,28,260,463,15.66666667,1,0,U1,24
190671,CA,,2143,280,373,63,12935,29,36,353,328,9.260869565,0,1901,0,14
33356,FL,F,625,246,536,3,19102,1,47,466,362,14.09090909,0,1401,S1,20
151600,Cali,M,1560,500,485,5,13816,22,38,488,487,15,1,6601,S2,21
21259,NC,female,716,146,382,1,11136,2,66,339,227,12.47826087,0,4001,C2,15
128987,TX,F,1247,215,444,17,16891,16,50,313,350,26.33333333,28,3912,U1,41
108926,LA,M,611,265,337,1,12313,4,52,323,302,15,1,2601,T2,20
154709,Cali,F,1431,291,376,24,10498,18,48,390,315,13,0,0,S2,5
108050,LA,F,1089,431,538,1,16777,2,64,520,480,5.2,0,1401,T1,16
187274,IA,F,435,244,329,0,10692,2,76,298,281,15,0,0,R2,15
171655,Cali,F,1409,321,428,21,15611,3,57,405,377,12.66666667,0,0,S3,12
160488,OR,M,647,369,463,0,18492,6,34,422,401,9.5,0,0,C2,10
21305,NC,M,415,199,300,0,11449,0,86,308,242,8.333333333,1,5601,R2,10
98470,IL,F,492,172,399,0,13218,3,85,384,276,8.75,2,1108,T2,14
140586,TX,M,1043,610,788,13,49744,2,70,682,731,13.25,1,0,T1,20
158101,Cali,M,3668,690,780,97,32964,10,44,693,781,15,1,1701,S1,15
150043,Cali,M,3491,791,903,94,32718,18,44,828,853,20,1002,3201,S1,20
96251,IL,F,192,164,224,0,7361,3,89,211,186,5.866666667,0,4401,T3,10
188547,Cali,M,0,0,0,0,0,0,0,0,0,20.26086957,1,0,U4,25
180617,WA,male,824,225,383,10,13090,7,52,308,293,7.483333333,1002,2101,C2,11
86000,SD,F,428,205,309,0,11192,2,62,318,245,11.25,0,1201,C2,10
13265,AL,F,417,122,250,0,9715,0,64,283,160,7.75,28,1901,C3,11
71,TN,F,399,307,352,0,11428,0,85,315,336,6.818181818,0,3401,R2,16
148969,Cali,F,2377,633,663,85,19545,13,53,637,652,9.111111111,0,0,C1,10
156324,Cali,,2016,431,497,51,17882,11,53,465,459,8.75,0,0,S1,15
130976,CO,F,933,289,379,0,14104,6,42,332,349,8.142857143,2,1412,C2,7
140141,NM,F,619,215,268,4,10427,2,50,222,260,12.8,0,4401,R2,14
85416,Cali,F,3303,533,614,94,24251,13,45,568,586,14,0,0,C2,25
108150,LA,F,960,479,613,0,19518,10,57,526,548,15.2,2,6312,S1,20
129823,CO,M,1236,622,737,13,25882,2,29,630,727,6.076923077,1002,5601,S1,10
104413,AZ,M,473,164,215,1,9819,6,23,179,207,5.5,1,4201,R2,6
60512,IL,,1055,366,400,0,11289,8,74,462,379,20.8,2,2801,S2,25
90480,IL,F,1509,545,680,19,23170,7,75,617,599,9,0,4201,C1,11
148911,Cali,F,1953,454,564,47,21667,11,47,526,478,15.5,28,7201,C2,10
52990,TN,M,927,299,410,1,14428,1,56,322,372,5,1002,3801,T2,26
148022,Cali,F,2098,305,368,56,13564,56,25,311,352,6.076923077,0,4608,U2,10
147406,Cali,M,5209,1054,1128,99,52654,7,47,1220,1058,30.94117647,1002,2801,U1,38
103468,MO,F,476,219,319,0,10966,1,74,280,272,7.1,0,4103,T2,15
84100,MN,M,1515,648,781,17,25787,6,63,684,717,14,72,3201,S1,14
137548,AZ,M,2158,411,640,54,33235,7,12,516,535,7.933333333,0,2009,C1,9
6932,MO,M,1110,460,624,5,21875,2,58,544,538,7.264705882,1,1708,S1,10
37118,FL,,581,349,373,0,9667,19,53,361,359,9.857142857,0,2607,S2,15
109179,LA,M,563,259,342,3,10726,1,90,301,308,10.18181818,0,4201,R2,14
140642,NM,F,740,240,324,2,10701,9,26,288,294,5,2,2710,T2,5
77057,IA,F,516,332,379,0,13293,2,75,378,347,12.33333333,0,3601,S2,15
83131,MN,M,575,249,316,0,9843,0,86,282,290,10,1,0,R2,20
168078,Cali,M,2357,511,609,81,23786,26,55,540,570,13.66666667,1,3501,S1,19
32975,SC,M,645,304,376,0,6826,3,15,360,306,10.875,1,5908,S2,25
37472,FL,M,825,233,301,0,9747,63,21,239,290,20,1,0,C3,20
63113,IN,M,531,246,290,0,10423,2,70,278,272,5.375,0,2805,T2,5
57039,KY,F,195,131,179,0,5727,0,94,148,159,4.302325581,0,2911,R3,5
58786,KY,F,423,293,279,0,10343,0,82,297,274,6.055555556,0,2701,R2,20
164306,Cali,F,2725,629,734,83,24424,9,51,684,662,15,0,0,S2,30
113129,OK,F,359,220,299,0,13024,0,64,247,270,20,0,1501,S1,20
19094,CT,F,1373,472,517,2,17363,5,71,463,504,28.33333333,28,0,T1,40
102224,NJ,J,1439,370,464,3,13353,15,61,414,417,6.125,1002,0,S1,6
155375,Cali,F,889,398,495,0,13782,7,68,488,450,5.846153846,2,2201,S2,6
185030,FL,M,824,248,326,0,15008,15,7,274,288,10.15384615,0,1704,U1,10
149887,Cali,M,1993,442,520,49,16427,15,53,472,484,10.83333333,1,0,C3,15
117216,TX,F,618,233,394,0,12864,9,75,310,302,10.25,2,6201,S2,30
167892,Cali,F,3259,267,591,83,19399,17,49,626,508,7.666666667,0,0,U1,10
107618,NE,F,151,180,273,0,9138,0,68,208,230,2.361111111,0,1801,R3,2
72410,MI,M,492,272,402,0,14442,1,55,370,317,14.57142857,0,0,T2,20
112319,AR,Female,892,380,468,5,19444,2,21,406,426,17,2,3201,C1,30
28061,GA,F,948,531,584,1,19537,2,65,530,585,5.484848485,0,5902,T2,5
108371,LA,F,717,190,302,0,10888,21,62,313,235,24.16666667,28,1401,U2,20
187807,MI,M,612,330,400,1,13162,1,27,326,392,12.1,1,8305,R2,22
180383,WA,F,919,338,346,1,12507,5,56,337,349,8.214285714,0,609,C3,11
183013,WA,male,697,317,406,0,13561,3,34,364,337,10,1,3001,S2,11
187769,Cali,M,5059,693,847,99,29368,10,48,752,751,10.6,1,5403,S1,25
191056,Cali,M,5667,492,848,98,51280,11,35,808,594,28.83333333,1,801,U1,47
151891,Cali,F,2750,668,781,91,26199,10,44,701,717,11.44444444,0,0,S2,15
5822,KS,F,513,400,482,0,20842,3,66,434,436,6.07675,2,2901,S2,11
164969,Cali,F,1848,505,581,33,19729,28,49,515,560,5.684210526,0,6001,S1,7
172846,Cali,M,1417,406,508,18,18590,29,49,341,519,14.11111111,0,4201,C2,10
95951,IL,F,347,210,286,0,10356,6,74,255,229,8.076923077,0,4804,C3,20
18089,NC,M,994,404,530,2,17420,1,70,475,485,13.77777778,2,5001,C1,25
35276,FL,,3542,642,843,76,53131,3,31,690,807,6.642857143,2,1701,C1,10
18607,NC,M,797,377,451,2,16163,0,74,418,423,7.769230769,1,6001,T2,23
61275,IN,M,791,361,428,1,13805,1,74,407,390,7.636363636,1,4801,T2,12
36141,FL,F,957,408,459,16,17718,5,17,399,450,15,28,2805,C1,10
85716,MN,F,357,164,254,0,8443,1,78,214,215,25,0,2401,R3,25
154195,Cali,F,896,336,418,2,14513,7,46,362,389,20,0,0,T2,20
46755,AL,F,402,232,300,0,10540,1,86,249,276,4.833333333,0,0,R2,5
13239,FL,M,3083,166,332,52,16019,26,3,270,233,2.916666667,1,2901,C1,3
86068,SD,F,460,247,372,0,11245,1,69,357,300,9.363636364,0,0,R2,5
67900,MI,M,294,279,404,0,10385,2,80,355,391,17.5,1,4801,U4,20
59610,IN,F,1199,547,605,2,20694,0,69,556,597,10,28,2301,T1,15
13378,CA,F,1125,280,362,15,10857,10,51,336,305,5.714285714,0,2401,T2,7
20752,NC,M,974,252,330,3,13321,2,32,279,300,8.533333333,2,2001,C2,13
30934,GA,M,316,213,280,0,8956,0,79,238,254,12.5,0,905,R2,15
102163,MO,F,825,401,555,1,28003,4,49,463,464,25,0,4301,C1,30
128976,TX,F,642,271,312,0,9453,12,35,284,306,6.142857143,0,7001,S2,10
44088,IN,M,1263,468,601,21,26265,4,58,517,548,7.6875,1,3602,C1,10
154931,CA,F,1809,454,543,35,15886,12,44,466,503,8,28,0,C2,10
87939,IL,M,5294,1035,1065,96,60053,12,57,1165,1012,13,2,901,S1,30
140779,NV,F,1161,448,570,5,20691,8,14,484,536,5.75,0,4601,S1,6
113838,OK,F,295,150,248,0,8962,1,62,203,195,6.333333333,2,0,R3,8
156568,CA,,3020,756,823,95,26135,4,46,765,809,40.08333333,0,4812,S1,75
130485,CO,F,431,258,541,0,25828,3,32,342,386,8.571428571,0,3001,U2,16
101803,MO,F,544,264,340,0,16194,1,71,283,326,11,0,4701,C3,25
41899,FL,M,618,223,335,2,13341,7,22,278,278,7.846153846,1002,0,U3,10
30795,GA,M,323,183,210,2,7139,0,77,207,201,5.444444444,2,0,T3,10
133256,ID,M,1104,511,566,7,17366,3,50,528,534,13,2,2002,C1,10
151203,CA,U,2135,417,456,58,18907,10,55,417,433,8.2,0,0,0,5
31425,GA,M,671,287,441,3,16517,4,70,365,372,4.888888889,0,3901,T3,16
70524,MI,F,510,228,394,0,12576,1,80,370,324,10.8,0,3204,R2,23
161229,CA,F,650,302,318,13,7080,43,49,302,315,8.666666667,0,4201,R2,21
83181,MN,F,487,248,327,0,10792,1,88,287,286,12.72727273,0,0,R2,15
143528,CA,F,2925,288,376,83,23046,27,21,305,353,7.523809524,0,4905,U1,10
42970,FL,M,884,242,313,1,13491,6,6,268,271,4.428571429,1,0,T2,3
83708,MN,F,753,341,442,0,15502,1,80,393,373,8.4,28,5609,S1,10
101390,MO,F,594,337,347,1,13094,0,79,350,343,2.571428571,2,5701,C2,2
77898,WI,male,627,367,444,0,15350,6,71,427,394,7.5,1,2808,S2,10
77345,WI,male,806,331,447,0,15120,1,85,420,382,13.2,1,0,S1,16
142579,CA,F,3149,504,672,80,22033,8,33,601,562,10.71428571,0,201,U1,20
162209,CA,F,5266,495,785,96,43828,17,36,675,669,9.2,0,2005,S1,10
171396,CA,M,1401,441,466,1,15438,6,49,445,462,5,0,0,C2,6
129530,CO,M,593,163,230,0,9520,8,33,180,207,12.5,1,5401,S2,10
33773,FL,F,915,308,438,13,17783,8,19,357,367,13,0,0,R1,20
10031,NE,F,456,258,381,2,13411,2,75,311,314,7.285714286,0,3001,T2,10
62056,IN,M,610,319,407,0,11815,0,86,336,384,4.625,0,4601,R2,7
11494,FL,M,1229,469,544,21,17313,2,30,502,507,8.4,2,6501,T1,5
44847,FL,M,428,140,208,1,9064,7,35,196,171,9.769230769,0,5201,T2,10
94851,IL,F,2333,316,744,61,33535,18,45,643,420,7.307692308,2,1601,U1,10
15668,NC,M,707,383,433,0,13852,0,84,400,398,9.333333333,0,4101,R2,45
175579,OR,F,377,171,187,0,21980,16,42,199,219,16.66666667,0,4806,U4,20
150534,CA,U,1624,380,408,13,9685,38,47,382,407,5,980,0,U3,4
68441,MI,F,348,184,316,0,11686,0,71,269,264,27.5,0,4201,U4,30
157185,CA,F,1878,523,566,35,16084,8,62,526,564,6.785652174,0,0,C1,5
90816,IL,F,777,378,423,0,14106,6,84,386,396,17.8,0,5309,S2,20
94915,IL,F,1463,117,523,8,13344,26,60,439,266,12.16666667,0,4309,U1,15
118392,TX,M,375,153,248,0,7798,1,84,214,206,5.347826087,2,1701,R3,12
187571,IN,,561,302,331,1,10873,0,60,301,323,19.66666667,0,0,R2,26
21659,NC,M,502,199,261,1,8726,0,85,250,229,7.875,1002,5401,R2,10
157672,CA,M,4206,789,850,93,37411,19,36,804,834,12.66666667,2,3101,C1,10
64166,IN,M,800,283,425,4,15160,7,60,398,338,16.6,1,1701,T2,23
185304,CO,M,1472,625,732,27,27469,3,24,653,687,15.21428571,1,2505,T1,21
57963,KY,F,492,332,471,3,21410,0,71,450,425,8.4375,28,2709,C2,10
98249,IL,F,609,314,385,1,11360,0,92,347,349,6.666666667,0,0,R2,10
153689,CA,F,2430,604,669,85,20529,11,42,610,659,9.5,0,3001,S1,20
157807,CA,M,2559,581,651,84,21559,13,51,591,614,10.25,1,2401,S1,16
41715,FL,,696,272,427,7,16474,7,22,357,358,3.3,0,0,U3,3
45356,FL,M,762,254,411,7,17458,7,13,355,327,6.608695652,1,2006,U2,8
163506,CA,F,3556,735,805,98,34382,9,55,701,838,15.85714286,0,0,U1,15
107727,NE,F,441,260,353,0,12452,1,75,321,300,5.279069767,0,4007,T2,7
64212,IN,F,502,319,388,0,12989,1,80,363,341,15.66666667,0,2601,C2,20
60252,IN,M,673,284,373,0,15149,1,67,330,335,13.45454546,1,0,S2,15
45101,FL,F,1173,322,494,5,18738,7,14,424,407,4.125,2,0,C1,3
36528,FL,F,934,323,400,1,9980,73,17,373,376,25,0,2303,S2,25
38820,FL,M,1332,357,497,2,21444,14,15,411,422,9.576923077,2,1306,C1,20
133906,ID,F,451,225,294,1,10244,1,43,261,262,15,0,0,R2,10
12226,CO,F,649,238,302,0,10417,7,60,273,272,5.411764706,0,1301,C2,8
8696,OK,F,590,410,456,0,13115,1,65,439,433,13,2,0,T2,11
119368,TX,F,500,291,379,0,19609,6,50,316,314,11.5,28,4008,C1,25
14319,FL,M,368,230,295,0,9547,0,68,271,261,10.7,1,2601,S3,19
118408,TX,M,427,315,377,0,11299,2,86,365,340,9,1,2109,R2,15
146585,CA,F,1458,173,249,7,8381,40,38,191,220,4.243243243,0,0,U3,8
120115,TX,M,274,154,256,1,8881,6,84,214,199,40.875,1,701,R3,200
57463,KY,F,584,274,341,0,15105,3,62,287,336,11.14285714,0,2512,S2,10
94394,IL,F,553,306,348,0,9296,2,72,309,333,8.916666667,2,3308,U3,10
155135,CA,M,903,321,390,0,10985,8,54,406,358,6.75,1,3001,S3,7
149595,CA,M,2545,361,358,80,14300,38,37,304,386,12.5,1,6008,S2,17
166606,CA,F,1778,411,503,27,18236,21,41,480,439,39.44444444,0,3401,U1,50
8240,CA,,1187,328,428,11,13978,11,49,366,393,10.81481482,1,0,0,10
185904,TX,F,1448,651,724,18,24736,3,49,667,698,7.076923077,0,5801,S1,13
49351,AL,Male,712,377,472,1,15013,0,73,398,446,14.2,1,3401,T2,15
191779,FL,M,1432,636,772,24,35544,0,44,693,680,25,1,2701,0,150
169881,CA,F,2598,470,661,74,31631,9,36,557,562,8.222222222,0,0,C1,15
144356,CA,F,2855,311,537,78,18525,28,47,385,484,6.538461539,3,0,U2,20
186528,TX,F,535,244,402,3,17053,8,86,437,317,9.8125,2,2212,C2,15
14161,WA,male,703,161,232,0,8860,2,55,206,206,7.818181818,0,2805,T3,10
190839,IL,M,662,352,456,1,13460,17,60,406,394,12.5,1,5601,U3,15
146269,CA,F,2973,576,654,85,18497,39,41,591,624,7.25,2,4601,U1,10
188507,CA,F,2289,631,679,66,22571,8,61,647,657,9.769230769,2,2601,T1,10
116251,TX,F,1274,789,825,1,26360,4,31,798,804,6.409090909,0,505,S1,10
81945,WI,male,840,458,548,11,20327,1,79,471,513,15,1,6401,S1,20
8989,WA,F,1024,441,472,5,13462,5,46,451,446,10.5,2,1401,T2,32
47282,AL,F,558,336,398,0,13299,2,77,354,382,7.5,0,5701,S2,15
2950,MT,M,717,306,358,1,11279,2,37,315,333,4.85,0,0,R1,2
87771,IL,F,1667,541,624,26,21458,8,65,603,592,13.33333333,0,6401,U1,20
167934,WA,F,843,423,486,5,16476,6,32,424,475,10.72727273,28,3201,S2,21
26045,GA,F,583,360,434,5,24198,4,22,374,405,9.666666667,28,4801,C1,14
661,CA,M,1801,495,525,34,18663,3,48,534,475,19.47058824,0,6509,U2,20
47569,AL,F,863,406,562,2,19862,3,58,527,459,9.153846154,0,0,C2,10
176743,OR,M,335,140,170,0,6682,7,36,157,154,4.857142857,1,201,C3,7
188164,TX,,1362,575,718,8,21447,4,63,645,627,8.533333333,0,0,S1,10
134364,UT,F,700,252,302,0,12806,6,63,257,281,20,0,0,U2,20
93742,IL,F,562,360,474,0,12391,24,69,480,388,20,2,3504,U3,30
39479,FL,M,1287,479,616,7,20795,15,35,508,567,4.105769231,2,3306,C2,4
54142,TN,F,476,210,310,0,10171,0,55,254,272,13,2,4601,R2,21
168038,CA,M,5939,1214,1085,99,64833,19,42,1211,1080,20,0,4703,S1,36
48675,AL,F,648,353,453,0,16873,0,77,418,357,7,0,2601,C1,5
158980,CA,M,1862,365,425,23,10521,25,45,372,401,17.85714286,0,6201,S2,20
153888,CA,F,1843,515,582,34,23660,15,29,511,575,19,0,3801,S1,10
162300,CA,M,5190,870,918,98,39481,10,47,892,871,9.888888889,1002,2001,S1,20
163081,CA,M,3912,351,454,98,19508,22,32,410,404,6,1,0,U1,7
14000,OK,F,1537,791,949,26,32640,2,54,783,916,11.0625,0,2101,S1,12
6599,WA,F,719,330,416,1,14248,3,57,340,389,10.86666667,0,3601,S2,11
135454,AZ,M,1074,469,516,11,18042,2,34,472,510,8.823529412,0,0,T1,15
128643,TX,M,298,268,303,0,9838,3,75,281,267,6.625,1,2809,C3,4
116420,TX,M,1951,807,896,49,31111,6,32,838,870,9.333333333,0,0,S1,20
35101,FL,M,1434,388,577,25,18405,3,37,479,513,18,1,1911,S1,20
75474,IA,M,206,229,288,0,9248,0,86,251,267,11.66666667,0,0,R3,15
785,MI,M,613,146,349,0,13209,39,42,267,209,17.5,0,4507,C1,18
27624,GA,F,991,493,548,3,17344,2,46,506,532,7.769230769,2,3701,T1,8
73754,MI,F,900,343,465,0,16254,3,74,420,386,13.31818182,0,1801,S1,25
141189,NV,F,1163,468,548,7,18824,3,26,493,511,53,0,0,S2,25
1544,HI,F,3260,509,581,87,19165,19,52,542,552,13,28,5201,S1,10
124149,TX,M,430,237,320,0,10269,1,82,283,281,12,0,1801,T2,14
85890,SD,F,167,214,290,0,9452,0,85,273,247,14.41176471,2,0,R3,20
37005,FL,F,1380,260,371,14,13011,8,26,325,299,7.875,0,0,T2,11
166324,CA,U,3357,284,447,73,24240,15,33,455,343,11.85714286,0,0,U1,19
13448,CA,F,1518,150,218,13,5043,64,27,171,208,5.055555556,28,3001,U4,5
180428,WA,male,1390,426,470,12,15022,3,63,430,463,18,1,4811,T2,20
12517,MO,M,1224,575,611,7,18029,2,77,577,608,2.8125,1,3201,S1,1
99246,IL,F,182,171,278,0,9240,0,64,217,242,10.26666667,0,2201,R3,20
174760,OR,F,786,419,466,1,15010,1,59,452,444,4.555555556,2,2501,T2,5
124379,TX,M,308,161,219,0,6576,10,72,186,204,4.5,1,4401,0,5
176862,OR,F,1074,232,309,15,15070,1,18,252,294,10.04347826,2,0,T2,20
188986,AZ,M,885,367,454,12,21767,8,1,408,417,9.714285714,1,2101,C2,9
148906,CA,F,2375,371,363,71,15361,21,39,363,411,4.142857143,0,6201,C2,6
109646,LA,M,657,265,325,3,12509,0,87,293,303,9.472222222,1,5201,T3,10
62295,IN,F,581,369,383,0,12835,7,70,372,369,25.5,0,5601,C2,20
162650,CA,M,3010,410,559,93,19149,20,56,518,431,8.333333333,1,0,S1,5
99836,MO,M,548,262,342,0,12621,0,96,355,298,15,1,3101,S3,21
33994,FL,M,819,348,459,3,15958,1,47,388,421,7.090909091,1,5304,T2,6
93432,IL,F,613,212,355,0,11792,1,60,245,294,6,28,0,U3,11
62786,IN,F,431,280,347,0,11052,0,62,314,310,8.235294118,2,3501,R2,11
44634,FL,M,710,254,391,6,15970,4,30,287,325,7.285714286,1,3701,C2,10
146914,CA,F,3673,515,725,97,31773,10,39,675,589,6.5,0,5401,U1,10
70079,MI,F,365,98,330,0,9470,0,53,310,221,15,2,4701,C3,15
24871,SC,F,682,366,498,2,14538,3,63,464,421,9.666666667,2,4401,T2,16
150660,UT,F,901,327,437,1,17854,8,61,336,411,10.20588235,0,4601,U1,12
169700,California,M,1676,371,372,9,13231,6,69,336,398,5.571428571,1,0,C2,25
63542,IN,F,445,332,423,0,13662,0,78,398,370,14.55555556,0,4801,T2,26
125164,TX,F,588,316,381,0,14293,5,85,383,344,22.6,2,1601,S2,50
65634,MI,F,413,95,231,0,9020,12,46,171,123,10.16666667,0,801,C3,12
59285,IN,F,522,225,403,0,13669,1,84,349,326,12,2,5101,T3,10
78802,WI,J,667,293,422,0,17527,5,68,385,334,15,1002,1301,S2,15
186460,WI,F,303,175,253,0,7115,1,76,217,219,10.375,2,0,R3,20
114579,OK,M,633,399,517,0,17637,0,63,442,439,13.16666667,1,2112,C1,10
23184,SC,F,391,214,269,0,9853,0,77,243,242,14,0,0,C3,10
125289,TX,F,707,246,327,0,15322,13,63,283,291,5.25,0,1802,S2,7
10502,MI,M,1179,464,501,2,15910,2,82,496,462,13.46666667,0,0,T2,15
46844,AL,Male,453,219,299,0,9654,0,90,264,263,7,0,0,R3,10
162814,CA,M,3365,544,621,94,27608,8,59,525,655,6.2,1,3701,U1,10
89653,IL,M,1315,328,472,9,15767,5,64,384,398,4.818181818,0,1708,C2,3
170818,CA,F,668,187,240,0,6845,32,39,191,239,6,2,6209,S1,10
6147,SC,M,399,221,302,0,10150,0,88,266,259,13.90909091,1,2101,T2,24
14276,CA,F,3200,267,338,87,11115,36,43,292,325,13.2,0,2801,U2,15
120166,TX,F,289,171,283,0,9765,3,83,226,224,9.214285714,28,2608,R3,12
156817,CA,F,1796,266,337,33,10720,48,32,271,334,20,0,0,U2,20
35476,FL,M,625,259,309,0,11072,17,16,282,299,17.14285714,1,3609,C3,25
155382,CA,F,978,290,381,6,13490,9,50,324,349,15.85,0,3301,U2,30
104049,MO,M,367,159,222,0,8893,0,63,186,193,3.166666667,0,0,R3,3
112461,AR,M,376,178,256,3,8246,0,57,195,231,9.411764706,1,2401,R3,10
79580,WI,F,937,321,545,7,18567,13,52,441,433,15,2,201,U1,21
86528,ND,F,675,272,358,1,13135,1,81,310,301,3.083333333,2,0,T2,3
107658,NE,F,232,197,280,0,9480,1,81,259,229,6.928571429,28,0,R2,10
69537,MI,F,545,364,416,0,11401,2,89,382,400,8.6,0,2801,R2,15
81284,WI,F,458,228,318,0,10731,4,82,270,276,13.4,2,4308,C2,25
32475,FL,M,814,271,324,3,10488,2,52,268,312,16.4,1,0,T2,20
104505,KS,F,671,320,376,0,12950,0,57,340,349,10,2,3801,R2,25
13483,WI,F,452,293,371,0,10979,0,91,316,339,6.34,0,0,R3,17
1042,OR,M,826,314,426,7,14958,3,34,348,390,9.1875,1,810,T1,8
28337,GA,M,860,324,375,0,15491,15,35,351,346,11.33333333,1,2801,S2,20
67808,MI,F,185,277,286,0,10788,8,63,283,312,8.787878788,0,2207,U4,10
35017,FL,M,576,200,324,0,12518,8,12,280,244,12.90909091,2,2101,T2,10
10973,CA,M,2431,563,660,75,24290,8,59,579,655,10.89473684,1,2305,T1,12
67030,MI,M,388,364,433,0,12601,2,70,410,413,33.33333333,1,0,S3,50
122279,TX,F,1680,884,935,20,27875,7,36,878,943,5.076923077,2,4903,U4,5
18802,NC,M,1128,409,481,3,15936,2,67,467,442,14.5,1,5101,T2,20
90092,IL,F,916,434,457,0,12450,7,82,421,458,18.46153846,2,3905,S2,10
98821,IL,F,340,185,275,0,10719,3,78,228,235,9,0,2601,T2,10
116186,TX,M,711,322,378,1,12630,1,76,353,360,11.95454546,1,4212,R2,10
18359,NC,female,412,215,315,0,9706,0,94,259,271,6.444444444,28,0,R3,10
128970,TX,F,893,443,527,2,17519,6,57,463,508,9.25,28,0,S1,14
172635,CA,M,644,191,272,3,9569,8,57,222,243,11.44444444,0,0,T3,16
106508,KS,F,440,219,288,0,10985,9,41,261,260,12,2,1401,T1,20
81067,WI,F,363,76,158,0,9086,2,67,127,115,15,0,0,C3,15
169106,California,F,1745,397,521,20,18427,9,80,512,485,8,2,4501,T2,5
106898,NE,F,672,302,449,0,14981,2,58,416,348,6.631578947,0,3801,S2,5
24747,SC,F,1419,661,741,16,23212,4,26,697,700,9,0,4405,S1,15
144906,California,U,3781,494,606,95,22770,10,46,609,543,20,1,2501,U1,20
40516,FL,F,1938,483,807,48,47363,2,4,787,629,12.33333333,0,1509,C1,21
172530,California,F,1495,323,351,22,14923,4,57,334,348,5.714285714,0,3601,T1,7
72438,MI,M,561,351,373,0,13150,1,89,353,368,8.75,1,1701,T2,10
144076,California,M,5980,1500,1217,99,94863,27,41,1500,1124,38.75,1,1201,S1,50
130609,CO,M,1412,499,606,14,24758,3,46,601,538,12,1,1404,S1,16
43974,FL,M,1869,452,640,44,29990,6,9,542,553,3.818181818,2,4601,S2,5
32709,FL,F,556,229,280,0,12960,4,39,272,258,13.25,0,5601,C2,15
187298,SC,,1015,478,533,0,17763,14,40,500,516,7,0,0,S1,10
50905,TN,F,736,331,432,1,16926,1,61,390,379,8.666666667,28,2301,S2,16
55552,MS,M,363,156,244,0,7079,0,91,193,214,8.4,2,3203,R3,20
28550,GA,F,803,423,508,0,19029,9,51,512,467,11.66666667,28,5204,S2,15
158460,California,F,1818,258,350,28,10324,35,36,316,299,13.7,0,2910,U3,15
56449,KY,F,640,381,450,0,15499,0,82,414,403,6.928571429,0,0,R2,5
133315,WA,F,698,355,416,1,13184,1,34,377,393,8.5,0,3603,T2,10
164251,California,F,1449,378,470,4,16190,6,46,439,395,15,0,4001,S2,5
149626,NV,,1557,290,361,17,13837,5,6,311,342,10.5,0,0,S1,10
123805,TX,F,518,223,302,1,10041,4,70,256,273,4.583333333,2,2801,R2,7
156077,California,F,1180,232,307,9,7582,20,40,248,277,9.666666667,0,5601,T2,15
183858,WA,male,511,268,354,0,12388,2,56,309,317,16,1,4801,R2,25
164217,California,M,2869,630,745,74,24945,6,46,668,686,14.16666667,0,4011,T1,25
169973,California,F,1514,325,517,17,18572,3,53,451,439,11.4,2,4001,R1,15
15066,NC,female,444,260,341,0,11387,0,87,296,288,8.958333333,2,4601,R3,10
64467,IN,F,444,270,364,0,13896,1,39,318,310,12.69230769,0,4801,R2,12
133814,ID,M,654,250,366,3,13433,2,32,306,312,18.71428571,2,2412,T2,25
31852,FL,F,985,480,506,0,15195,3,25,495,487,15.2,0,4802,S1,26
82610,MN,J,280,249,304,0,10337,0,86,282,277,3.6,0,2308,S2,5
34319,FL,M,714,390,507,0,18391,5,30,465,437,50,0,3001,C1,25
152527,California,F,1854,289,402,37,11567,9,50,377,339,23,28,4501,C2,23
178290,WA,male,0,0,0,0,0,0,0,0,0,5.375,1,0,S1,6
153818,California,F,2780,574,677,86,29871,5,14,587,653,9.828571429,0,0,S1,10
152641,California,F,1538,319,351,1,11046,11,43,305,349,30,0,0,S3,50
161691,California,F,1528,327,391,8,13190,17,51,358,370,19.16666667,0,3401,C2,25
8404,TX,U,605,272,364,1,10897,5,73,313,335,37.2,0,1501,R2,10
88119,IL,F,1165,391,533,0,22667,3,82,518,454,7,28,3001,S1,10
122167,TX,F,439,255,294,0,9346,33,49,262,303,12.4,0,0,C2,10
106639,NE,F,681,387,477,0,13753,1,47,422,428,15,0,2001,S1,15
153450,California,,1865,256,362,44,16069,13,36,295,317,24.5,0,0,U3,47
120107,TX,M,225,157,263,0,8947,1,81,204,217,18.08333333,1,1803,R3,26
72617,MI,M,258,216,274,0,8231,0,65,244,245,5.454545455,2,0,R3,9
155541,California,M,2236,546,620,59,19923,9,57,563,612,9.785714286,0,3410,T1,10
77107,WI,male,1438,619,801,19,30386,6,67,691,744,11.7,0,4306,S1,14
186016,TN,M,403,209,244,0,9078,0,79,223,213,8.619047619,1,0,R2,10
152053,California,F,3071,626,746,76,24844,3,51,694,704,12.53333333,2,5305,S1,25
12880,FL,M,1442,369,488,32,26462,7,4,394,445,7.846153846,1,1401,C1,10
16099,NC,female,660,282,335,1,10743,0,81,291,327,5.5,0,2701,R2,12
166337,California,M,5813,1221,1191,98,60492,8,52,1302,1077,15,1002,5401,S1,15
142495,California,F,2250,340,444,60,19170,35,28,375,379,11.4,28,0,U1,21
66891,MI,U,1115,512,619,4,20171,3,64,582,517,3.857142857,0,0,S1,5
118673,TX,F,761,321,354,2,12145,2,76,347,351,10.81818182,0,0,R2,10
168389,California,F,2930,372,491,91,24747,19,49,454,456,15,28,0,U1,20
14982,California,F,3370,342,401,94,15765,22,40,346,356,16.06666667,0,0,U1,15
185925,MN,M,966,418,569,3,22845,7,58,463,479,7.363636364,1,4701,C1,10
144393,California,F,2024,352,427,51,11885,24,43,400,392,8.631578947,0,1909,U2,15
4907,MT,female,553,238,323,0,12885,2,56,381,270,13.65909091,2,0,C2,22
99298,MO,M,703,314,376,0,12799,0,78,357,350,16.5,1,4001,S2,32
187532,FL,M,1286,500,551,9,19082,14,8,502,542,15,1,0,T1,15
119496,TX,F,758,390,461,4,14397,4,56,397,448,7.857142857,0,0,S1,5
169919,California,F,657,169,254,2,9583,3,59,216,220,8.666666667,0,4801,T2,20
106963,NE,M,581,315,411,0,16473,1,57,368,378,10.85714286,1,6102,S2,15
145838,California,U,2019,406,512,52,12623,29,39,423,478,20,0,0,S1,8
150624,California,M,1247,321,385,8,10994,22,48,358,357,7.376458333,1,0,S2,8
182144,FL,F,559,229,278,0,8359,1,44,277,244,7.136363636,0,5208,S2,7
135449,AZ,M,687,369,403,0,9781,6,37,375,390,7.181818182,1,4801,S2,10
49743,AL,Male,582,217,375,2,12588,1,59,363,275,16,1,1901,T2,22
65500,MI,M,690,419,490,0,15715,1,19,451,468,12.33333333,1,7001,S1,15
172420,California,F,988,169,344,9,9190,5,67,246,247,6.25,0,6601,C2,6
7494,California,F,1500,282,382,4,13859,10,42,353,332,5.24,0,2301,C2,6
149498,California,J,5742,1289,1119,99,64190,27,35,1369,1085,21.66666667,4002,3803,S1,20
169780,California,,1650,219,319,18,12994,18,56,225,304,12.5,0,0,C2,10
70944,MI,F,357,205,303,0,9192,3,81,268,260,20,0,7501,T2,20
117230,TX,M,406,186,203,0,8797,8,67,226,183,5.7,1,801,C3,11
50427,TN,F,871,464,539,0,18279,3,47,501,503,9.1,28,5406,T2,15
43998,FL,M,768,256,385,4,13696,6,22,310,323,16.75,1,2108,C2,22
71255,MI,M,458,231,323,0,12539,4,86,241,308,12.16666667,2,1511,T1,13
63308,IN,M,485,344,422,0,17697,0,76,382,402,8,1,2301,C2,10
82196,MN,F,405,212,309,0,9715,1,81,267,261,5.923076923,0,2001,R2,5
114820,MO,F,459,240,299,1,9637,1,71,253,272,6.294117647,28,0,T2,10
176781,OR,M,811,324,463,4,16399,5,38,394,395,8.75,0,3101,C1,10
20438,NC,M,509,248,282,0,9114,4,38,254,288,7.142857143,1,2601,T2,10
91879,IL,F,1030,375,585,0,17204,5,65,553,473,12,0,0,S2,20
92443,IL,F,881,392,437,0,14377,3,90,393,414,6.153846154,2,0,S2,10
168189,California,M,2794,637,678,93,23035,11,54,630,671,8,1,5001,U1,15
148998,California,,3233,684,781,95,26104,8,50,753,714,16.81818182,1,4709,C1,25
186292,California,M,931,155,222,9,7968,20,46,192,180,5.571428571,1,509,C2,10
75180,IA,F,529,317,326,0,12494,3,76,340,319,10.5,28,4409,C2,15
88596,IL,F,1897,406,664,44,26951,15,67,519,476,10,28,912,U1,14
155266,California,F,641,123,279,3,8046,37,38,168,236,9.462962963,0,0,C3,11
13622,FL,M,715,247,342,2,15360,4,11,283,317,14.86666667,0,3201,S2,10
189853,MS,female,440,205,280,0,8314,0,63,238,249,7.166666667,1002,4306,0,8
175708,OR,M,532,436,428,0,12734,0,42,436,486,25,1,4201,S2,30
182243,WA,F,876,335,481,18,15179,6,31,409,426,8.3,0,3605,S2,10
171566,California,M,1175,272,396,7,12987,4,68,318,376,10.25,1,2201,T2,15
156266,California,F,3921,413,583,87,21648,10,55,410,575,13.57142857,0,3701,R1,20
41604,FL,F,919,413,532,0,17653,14,26,538,446,8.307692308,0,2401,S1,10
187678,NY,F,625,266,330,0,10031,2,68,276,316,5.222222222,0,0,S2,5
42165,FL,M,734,310,399,1,12868,3,45,348,365,16.5,0,0,T2,10
24507,SC,M,468,228,326,0,10910,1,84,300,278,21.5,1,3411,R2,25
44657,FL,M,583,302,362,0,13351,9,32,317,343,4,1002,4201,T2,5
10554,IL,M,314,206,280,0,10245,0,90,224,236,13.33333333,2,0,R3,20
33192,FL,F,671,341,385,0,12982,2,39,354,363,6.25,0,3501,C2,10
76470,IA,M,550,288,349,0,13538,1,82,344,303,9.642857143,1002,3307,T2,10
67075,MI,F,609,410,540,0,23275,1,72,551,490,13.23076923,2,4601,S2,18
169827,California,F,1650,397,479,19,15002,14,60,404,477,15,0,4801,S2,21
38734,FL,F,1979,350,738,50,42356,22,6,640,526,16,0,709,C1,26
65245,MI,F,473,302,409,0,13445,8,82,364,319,10.83333333,2,3101,U3,10
186396,AL,Male,679,277,347,0,13133,4,50,295,317,13.14285714,0,4311,T2,20
54160,TN,F,475,226,261,0,8709,0,73,260,241,15,0,2801,R3,10
178826,CO,,872,418,482,1,15287,5,40,424,458,10.83333333,0,5102,S1,20
7507,IL,M,1075,366,455,0,14394,1,90,449,373,10.10526316,1,2504,S2,10
4150,MO,F,580,310,374,0,12273,2,75,322,347,10.75,0,4412,C2,14
120041,TX,F,442,252,390,0,12929,2,69,341,325,6.285714286,2,5901,T2,8
51486,TN,M,325,119,210,0,8856,2,78,133,188,6.363636364,2,2805,C3,6
173348,California,M,1276,423,521,7,17032,5,51,524,497,5.5,28,2701,T2,8
74669,MI,F,438,267,314,0,10329,1,75,302,287,12.25,0,0,R2,20
64430,IN,F,386,258,358,1,12513,0,75,301,313,11.66666667,0,0,R2,13
156485,California,F,2433,403,502,86,18284,18,41,459,449,6.266666667,0,4101,U1,10
39935,FL,M,1464,305,472,7,22648,11,13,413,377,4,0,6001,C3,4
50187,TN,U,1052,482,541,9,20492,1,44,499,516,20,0,0,C1,20
26254,GA,F,998,488,602,21,29540,5,51,550,581,6.25,0,6801,C1,10
30433,GA,F,821,390,526,1,19734,2,58,475,425,17.1875,28,2201,C1,15
189373,California,F,2300,311,375,68,16133,27,42,345,350,5.533333333,0,1804,U2,15
91756,IL,M,1852,550,614,34,17690,7,86,561,602,7.368421053,2,5810,T1,7
182279,WA,F,663,205,277,0,10959,12,41,220,234,13.24,0,6201,C3,20
122465,TX,F,2056,906,957,52,29903,4,28,924,931,7.2,0,4501,C1,8
24666,SC,M,916,416,468,2,14496,1,72,435,444,10.9,1,5201,T2,15
19664,NC,M,2282,908,980,62,42236,12,34,945,938,18,1,2301,S1,10
162228,California,F,2883,501,649,89,34012,25,28,532,588,13.33333333,0,0,U1,25
76578,IA,M,637,379,407,0,12275,1,75,425,355,8.615384615,1,5602,C2,9
52740,TN,F,273,138,163,0,7089,0,75,150,152,7.604651163,0,1604,C3,8
159174,California,F,1709,368,454,13,14118,23,48,422,408,7.176470588,0,1504,C2,10
156903,California,M,2307,477,499,83,14345,13,58,478,490,3.214285714,1,3901,U2,3
177926,OR,M,691,263,360,2,12166,2,50,308,327,9.866666667,1,2604,R2,15
142057,NV,,2479,409,557,63,23023,7,10,456,500,11.6,0,904,T1,15
175637,OR,M,858,502,574,7,20867,6,52,505,555,15,1,4501,S1,20
32096,FL,M,351,205,254,0,8456,1,76,225,238,13,1,4501,R3,16
26946,GA,F,1672,722,770,17,29286,6,31,732,765,23,0,7001,0,30
160863,California,J,1069,267,369,0,11849,11,59,320,318,8.222222222,1002,0,C2,10
57162,KY,F,463,249,298,0,11621,1,88,265,308,11.5,0,5501,T2,20
12220,TN,M,470,245,348,0,12519,0,73,273,314,6.555555556,0,5301,T2,5
170563,California,F,1248,289,379,1,17282,6,47,348,346,7.5,0,3201,U3,5
79389,WI,male,492,316,339,0,12451,1,80,349,304,10.14285714,0,3101,T2,11
180752,WA,male,2800,368,528,62,25386,9,34,438,500,6.166666667,1,3901,C1,8
82701,MN,F,994,437,540,11,18133,4,72,488,491,10,2,6001,S1,25
158506,California,F,1654,159,313,20,8018,32,44,203,266,10,28,5201,U3,15
84708,MN,F,653,327,395,0,13079,0,25,364,350,17,28,3801,T2,25
103543,MO,M,402,162,241,0,9434,0,65,192,210,9.214285714,1,1908,R3,11
164175,California,F,1914,351,437,46,18951,6,51,399,392,9.090909091,2,0,R2,15
145120,California,F,5619,572,995,97,43978,6,33,942,649,12.54545455,28,3707,U1,10
55358,MS,female,426,139,156,2,4437,1,94,130,169,15.83333333,0,4808,C3,30
26665,GA,M,670,268,383,3,13147,1,76,321,336,7.375,1,0,T3,30
42279,FL,F,400,216,279,1,9840,4,36,242,247,5.6,28,3301,T3,5
148354,California,,2206,574,562,72,12225,39,40,567,583,8.428571429,0,0,S1,8
123822,TN,F,535,269,375,1,14661,1,72,318,328,7.6,0,0,S1,10
22038,NC,M,444,222,291,1,10074,1,73,259,259,9.95,1,4401,R3,10
185024,MN,F,476,202,304,0,10581,2,80,274,236,23.85294118,0,605,R2,8
129600,CO,F,593,256,399,0,37734,7,55,298,336,13,0,3705,U4,20
107613,California,M,2238,580,605,75,18247,9,50,602,587,3.25,0,0,R2,7
165302,California,,2811,524,645,72,23861,8,60,577,599,11.08333333,0,2207,C1,20
152990,California,F,1775,445,469,14,15256,13,46,443,490,10,0,6101,C2,20
88766,IL,M,2549,715,839,69,28878,15,70,757,786,11,1,4709,S1,15
4522,California,M,2356,523,615,83,21871,8,49,560,560,16.09090909,1,1402,S1,20
32350,FL,M,913,256,338,5,14424,7,16,289,309,13,0,1809,R1,20
74774,AR,M,500,245,314,3,12271,1,81,308,304,15,0,0,C1,21
67475,MI,F,687,111,172,0,6615,7,65,90,171,5.222222222,28,6201,C3,5
104267,KS,M,284,231,299,0,9838,0,83,258,269,4.4375,0,0,R2,5
131031,CO,F,678,155,306,0,8675,3,34,242,196,8.105263158,2,604,C2,18
158058,California,M,1685,430,540,16,15765,19,33,479,449,7.611111111,0,4307,U3,5
181755,WA,F,1461,313,464,20,20659,7,31,342,411,5,2,0,C1,5
181412,WA,male,538,227,308,1,10590,1,61,252,278,5,1,3301,R2,5
185602,WI,F,400,232,315,0,10504,1,86,279,264,9.533333333,28,0,R2,10
23603,SC,M,824,348,400,0,14663,2,40,371,365,12.5,1,5801,S2,25
112943,OK,F,855,345,560,10,17869,2,64,384,508,8.729166667,2,3601,T1,12
44853,FL,M,578,246,323,0,14121,3,13,323,275,10.64285714,1,2912,C3,12
83094,MN,F,699,246,319,0,11020,1,81,254,304,13.6,0,1211,T2,20
148166,California,F,5372,673,892,97,44570,16,42,845,801,18.75,0,0,S1,20
101113,MO,F,839,456,485,2,14713,1,65,465,475,9.625,0,5801,C2,10
101889,MO,F,662,424,456,0,13377,0,79,436,444,13.5,0,5111,S2,16
58808,KY,F,575,228,327,1,12600,0,72,299,261,10.5,0,1401,T2,10
85498,MN,F,281,176,235,0,7683,0,86,207,208,5.909090909,0,0,R3,10
153864,California,F,3370,763,871,88,32072,16,33,824,824,9.888888889,0,5201,S1,20
145496,California,M,2803,555,620,88,17655,15,52,616,546,12.2,1,5111,U1,22
27566,GA,M,601,249,306,1,11235,4,67,274,286,15,0,0,C3,30
38031,FL,M,828,401,451,0,13716,31,31,396,451,12.5,1,5801,S2,10
130756,CO,,2408,906,961,65,42897,5,25,952,924,15,0,4701,T1,20
87281,MT,,445,192,275,0,9747,1,57,242,244,7.3,0,0,R2,8
16863,NC,female,951,307,487,11,17187,6,39,427,370,15,2,3301,C1,50
20065,NC,,722,327,371,0,13168,6,25,325,374,20.85714286,28,5301,T2,40
142554,California,M,1811,350,466,33,18591,12,52,405,440,13.75,0,1601,U2,15
10789,MN,F,534,284,351,0,11303,2,83,321,308,5.290322581,2,2309,R2,3
64224,IN,F,866,443,472,3,10484,1,57,453,454,12.83333333,0,3811,T1,20
6695,IL,M,471,299,347,0,14658,0,87,334,303,5.647058824,0,6609,C2,6
139799,NM,F,987,405,599,4,20940,8,42,544,490,25,0,5301,T1,25
1254,TX,M,1102,613,676,0,20557,4,46,639,648,25,1,4801,S1,30
1549,California,M,5863,1500,1150,98,174523,20,40,1500,1146,50,0,1604,S1,50
2159,SD,F,198,193,256,0,8898,1,48,211,237,9.266666667,2,1901,R2,9
80903,WI,male,658,305,376,3,13284,0,74,318,353,6.318181818,1002,6206,T1,15
186731,FL,F,512,175,236,0,12221,14,11,198,208,11.125,28,3407,0,15
67342,MI,M,886,367,497,9,17984,6,74,458,433,11.28571429,1,1312,S2,30
30366,OK,M,1429,724,813,12,34070,4,48,759,755,5.1875,2,3601,C1,6
64441,IN,M,386,258,358,1,12513,0,75,301,313,5.428571429,1,5401,R3,10
175155,OR,F,740,211,312,3,12165,3,46,259,257,10,28,4801,R2,21
82015,WI,F,543,306,337,0,11140,0,94,314,321,10.91666667,2,2812,R2,18
170912,California,M,1896,502,555,45,17405,6,56,511,548,15,0,4401,S1,20
183055,WA,F,876,337,439,3,15017,4,37,353,403,7.875,2,3704,S2,10
134032,UT,F,575,305,368,0,9906,1,80,349,326,15,2,0,R2,10
186573,WI,F,900,488,563,2,18369,1,84,524,537,7.692307692,0,0,T2,3
37299,FL,F,1171,272,383,4,14539,17,15,323,329,9.888888889,2,5502,C2,15
165746,California,M,1429,492,508,1,14106,15,48,497,507,4.75,0,703,C2,10
189520,California,M,4143,617,755,97,25985,9,59,690,704,13.72727273,1,1902,S1,20
26579,GA,F,858,388,494,7,19457,0,75,418,429,7.785714286,0,4301,T2,10
109583,LA,F,582,301,354,1,11139,0,80,325,321,4,0,4501,T2,5
40341,FL,F,902,410,461,4,15332,13,28,413,460,10,2,2401,S2,15
111615,AR,Female,356,229,225,0,8075,0,85,236,219,12.33333333,0,5306,C3,25
93397,IL,F,582,288,279,0,8165,0,75,288,286,20,0,0,U3,20
5881,California,M,2469,340,522,71,23188,5,54,411,475,13.25,1,1701,U1,12
93184,IL,F,0,315,581,0,34143,5,46,423,417,5.4375,0,1708,U1,10
9946,IL,F,1107,428,497,0,15788,4,80,476,432,7.764705882,2,2605,U2,5
46671,AL,Male,746,366,433,1,13901,1,73,409,399,9.818181818,0,5701,T1,10
172750,California,M,967,300,412,11,13399,6,58,348,342,18.66666667,1,5401,C2,25
22264,NC,M,1250,319,540,8,25660,3,33,411,429,22.5,1,3001,C1,10
56479,KY,F,139,63,137,0,5159,0,77,106,92,3.3125,2,2601,U4,4
164372,California,M,1861,402,527,38,22794,12,49,499,461,14,1,5501,S1,25
5140,California,M,3247,653,732,94,24693,5,63,666,722,6.147058824,1,2201,S1,7
32198,FL,F,1146,384,504,20,24850,10,9,435,447,7.5,0,4401,C1,9
113607,OK,F,415,212,325,1,11659,1,71,262,281,9.333333333,0,0,T2,15
19499,NC,female,854,382,419,3,14002,3,52,407,406,22.5,0,0,C1,20
73028,MI,M,496,301,372,0,11714,2,84,317,351,8.833333333,1,4704,R2,9
35553,FL,F,726,302,363,0,12484,5,33,334,326,10.66666667,2,0,S2,20
35463,FL,M,1028,394,584,19,25787,3,31,493,483,20,0,3701,C1,30
91591,IL,M,1464,256,457,23,22015,9,84,413,294,9.857142857,1,0,C1,10
109099,LA,F,719,313,391,2,12333,0,84,337,373,6.428571429,0,5701,T2,6
174182,HI,F,3063,337,506,78,21051,22,41,429,418,20,0,3201,U1,20
183722,WA,F,684,280,355,1,11763,2,57,311,326,12.2,0,4808,R2,20
98374,IL,F,376,268,344,0,11979,0,86,339,304,6.217391304,0,2008,C2,15
126681,TX,F,927,386,484,5,16777,2,57,417,448,9.733333333,28,3911,R2,15
147936,California,M,3511,373,491,92,23187,44,25,452,421,5.466666667,1,901,U1,5
152133,California,F,1185,354,383,0,11061,16,48,373,369,21.66666667,28,0,S3,5
57929,KY,F,453,215,302,1,9722,0,82,260,266,8.307692308,2,3503,R3,10
15697,NC,U,535,283,336,1,12206,3,77,307,306,14,0,0,R2,20
92814,IL,F,747,458,503,0,14965,13,63,489,475,10,0,6401,U1,25
98282,IL,M,439,362,404,0,13570,1,89,388,371,10.6,0,3505,R2,15
27798,GA,F,935,419,541,8,16922,1,61,439,510,11.21428571,0,4301,T2,10
45503,FL,M,616,212,282,1,11912,5,16,234,248,5.133333333,1,3709,C3,5
6006,CO,F,947,300,469,3,17986,2,43,360,342,85,0,1602,C1,100
138182,AZ,Female,572,204,253,1,10858,7,36,242,238,6,28,2911,C2,5
144714,California,F,5014,756,770,98,31694,6,55,664,765,13,0,0,S1,16
10001,IL,M,675,278,409,0,22221,0,65,298,341,11.22222222,1,5508,C1,16
157860,California,M,3663,749,818,87,27400,14,52,777,784,4.285714286,1002,5701,S1,4
58351,KY,M,269,224,284,0,8172,0,77,256,250,7.75,1,2801,R3,9
97552,IL,F,226,183,263,0,8763,1,54,288,228,14,0,2801,C3,50
85920,SD,M,278,199,270,0,9994,1,80,244,238,9.777777778,1,0,0,20
29401,GA,M,471,282,298,0,9015,1,77,307,273,10.33333333,1,3410,T2,15
12715,AL,Male,604,314,327,0,16211,0,68,337,304,15,1,1201,C1,15
90031,IL,F,1219,417,540,2,21371,11,71,472,494,3.722222222,2,1601,C1,3
55442,MS,M,382,142,240,0,9374,1,89,181,205,9.166666667,0,2504,R3,25
105984,KS,F,1699,462,787,35,35636,6,47,657,581,12.16666667,0,5711,S1,10
188035,AZ,,1165,489,539,9,19234,6,18,514,519,11.5,1,0,S1,23
101665,MO,F,803,413,473,0,15002,1,58,429,447,4.069767442,0,7308,T2,5
70774,MI,F,394,229,308,0,9859,0,92,293,264,3.7,2,5601,R2,4
23263,SC,F,490,328,373,0,11313,2,76,341,336,19.6,0,3304,R2,30
166475,California,U,949,264,411,1,12784,10,52,371,321,12.5,0,4201,C1,10
83042,MN,M,849,344,428,0,12940,1,77,368,398,17.85714286,1,4005,T2,10
149970,California,F,1372,385,449,8,13902,15,58,419,421,15,0,0,S2,15
13863,TX,F,358,307,379,0,12507,2,78,325,342,6.933333333,0,3001,R2,6
64074,IN,F,325,144,190,0,4578,0,68,231,178,15,0,0,C3,10
42096,FL,F,355,208,244,0,9881,5,34,224,229,20,0,0,C3,20
169188,California,F,713,176,321,3,11467,1,68,259,267,7,2,0,R2,10
18609,NC,female,1208,439,587,20,19955,2,60,494,516,14,0,4901,T1,10
109536,LA,M,550,294,319,1,9540,0,71,313,303,7.291666667,1,3401,T2,7
9348,OK,M,450,378,432,0,15711,0,57,391,391,11.68181818,0,1401,T1,10
136790,AZ,M,1460,629,663,10,21821,6,29,633,659,4,0,2001,S1,5
71332,MI,M,478,316,374,0,11298,0,92,337,352,7.3125,2,3601,R2,7
135430,AZ,Female,1165,489,539,9,19234,6,18,514,519,12.14285714,2,3408,S1,25
124484,TX,F,846,330,513,5,16752,5,64,459,399,8.25,0,0,T1,8
184098,WA,F,694,319,362,0,11517,9,54,321,342,7.666666667,0,0,C3,9
144850,California,F,4183,631,738,97,29875,39,21,704,671,5.428571429,0,4301,0,5
188519,IN,F,744,396,492,0,15863,2,68,457,432,8,28,2401,S1,5
164367,California,F,875,280,398,0,18252,4,38,330,326,11.75,28,0,S1,20
75992,IA,F,354,222,269,0,9579,2,65,248,253,7.8,28,5601,S3,8
34957,FL,F,1675,336,568,36,25558,10,19,505,441,20,28,2401,C1,10
110094,LA,F,421,194,247,0,7421,0,85,233,202,10,2,5305,C3,18
121590,TX,F,782,524,545,0,14635,29,35,469,565,10.73684211,0,6410,U1,10
140652,NM,F,574,212,300,2,10315,2,56,268,256,20,0,3101,R2,20
134319,UT,F,742,246,393,0,14377,1,56,361,287,12,0,0,S1,13
27921,GA,F,1067,481,580,5,17607,5,33,529,534,11.25,0,0,T1,14
29373,GA,F,860,468,507,0,15986,1,65,490,464,14.88888889,0,5401,T1,20
130684,AL,,1175,586,662,8,22215,4,38,619,626,4.5,980,0,T1,6
190920,California,M,916,242,369,5,10719,19,51,321,293,22,1,0,S2,20
187259,California,F,4259,435,661,95,31730,16,34,498,573,15,0,0,S1,15
45666,FL,F,566,218,272,0,11438,9,8,242,249,5.6,28,4001,C3,5
21335,NC,M,525,333,399,1,12885,0,86,346,364,6.923076923,2,0,T2,10
160424,California,M,1582,299,359,21,12976,12,58,335,330,14.25,1,3201,T2,20
2194,FL,M,1006,282,452,6,19466,5,21,398,383,4.066666667,0,6008,0,4
53151,TN,M,345,159,277,0,9775,0,85,197,233,20,0,0,R3,40
126069,TX,F,362,204,262,0,7285,2,94,216,246,5.08,2,903,R2,5
176292,OR,M,431,213,266,0,10611,2,53,260,242,9,1,0,C3,25
151518,California,F,2457,381,531,69,17557,5,52,445,472,12.5,0,4401,T2,15
173872,HI,F,2789,463,551,82,22012,8,54,488,524,15,28,0,S1,15
117726,TX,F,385,185,348,1,11857,2,83,231,288,8.666666667,0,0,R3,10
18948,NC,J,1136,505,579,6,19283,0,65,512,553,13.4,0,5601,S1,17
7330,IL,F,623,255,285,3,11108,7,77,294,283,4.416666667,2,2007,T2,6
160576,California,M,5470,661,778,98,35092,15,47,664,781,9.75,1002,4012,T1,15
72190,MI,M,673,354,438,0,14995,4,79,394,406,5.739130435,2,1312,T1,13
13292,KY,F,582,254,364,0,12981,0,75,359,297,6.357142857,0,0,T2,10
13551,California,F,4392,516,549,98,21857,11,57,539,509,28.92307692,0,6201,0,10
170935,California,F,1468,365,371,18,13469,4,68,363,361,10.66666667,0,0,R2,10
126888,TX,M,764,320,406,1,11242,1,77,363,377,20,1,5601,T2,20
170215,California,F,1274,405,439,9,12537,9,67,462,404,4.454545455,0,2001,T2,8
168574,California,M,1749,234,327,21,14571,15,49,281,291,27.5,1,0,U3,100
90482,IL,M,1509,545,680,19,23170,7,75,617,599,11.125,1,5003,C1,20
18896,NC,M,816,357,458,5,17434,0,76,384,413,11.6,1002,3501,T2,20
161335,California,F,905,223,263,3,8614,6,57,241,244,6.111111111,0,2601,R2,13.92
82141,MN,F,1027,444,475,0,14926,1,69,451,475,8.5,2,3801,S2,10
187659,TN,F,871,464,539,0,18279,3,47,501,503,9,0,0,T2,15
143523,California,F,2833,207,278,77,15398,60,12,172,282,3.705882353,0,1901,U2,3
64442,IN,M,428,240,324,0,10020,0,78,319,268,8,1,5201,R2,8
151902,California,M,1088,278,380,19,15011,18,35,308,335,7.285714286,1,5001,C2,10
140027,NM,F,1304,205,330,19,19336,4,24,222,288,17.09090909,0,0,T2,25
147636,California,M,1859,420,461,34,12512,22,41,407,465,4.272727273,1,1601,S2,11
85010,MN,M,595,339,386,0,11471,0,84,363,363,5.954545455,1,4406,T2,9
12454,IL,M,3017,740,985,90,62084,12,70,962,867,9,1,0,S1,15
118166,TX,F,396,195,287,1,9318,3,82,249,246,13.33333333,0,0,R2,10
64165,AZ,Female,594,155,228,0,7939,9,42,186,206,7.8,0,6401,T2,20
191663,OR,M,538,121,222,0,9299,6,31,173,169,9.307692308,2,2708,S1,10
111021,AR,Female,332,170,269,0,8725,1,57,222,233,12.5,0,0,R3,10
169280,California,F,1875,68,138,0,9127,0,6,138,96,8.333333333,0,7001,S2,10
138590,Arizona,feamale,1094,463,543,5,16974,2,30,486,517,12,0,5307,S1,30
123386,TX,M,386,213,327,0,10988,9,68,287,275,17.4,1,4201,R2,22
121759,TX,M,1565,713,905,28,39534,1,40,741,838,12.4,1,5601,C1,20
73534,MI,M,246,161,226,0,7228,0,76,174,205,5.1,1,3301,R3,6
168423,California,F,3325,597,600,96,18694,29,37,603,611,20,0,0,U1,25
169605,California,,1185,338,445,3,14193,4,65,368,402,6.666666667,0,0,C3,7
157573,California,,2438,540,687,84,30429,7,39,672,588,40.75,0,0,S1,47
23706,SC,M,728,172,252,7,8494,1,76,188,230,12.5,0,0,R2,15
21855,NC,female,824,285,356,3,13339,2,59,305,333,20,0,0,R2,20
148511,California,F,3231,339,627,92,22508,18,39,536,444,11.75,0,0,S1,20
3579,California,M,3937,450,680,93,29888,12,40,581,578,15.33333333,9,6001,T1,18
542,WI,male,535,192,374,2,11878,1,81,303,263,6.285714286,0,0,T2,10
92079,IL,M,1008,450,540,1,19493,8,64,496,463,12.30769231,2,1503,S1,15
50967,TN,F,848,466,527,0,21110,2,41,488,509,10,28,2401,S1,15
160997,California,M,1158,369,386,3,11592,3,64,398,373,5.75,1,0,R2,10
121718,TX,M,1139,303,633,0,19525,16,30,566,455,17.5,1,2101,C1,30
68807,TX,F,3741,1376,1183,96,57103,8,25,1469,1157,9,28,0,S1,15
155045,TX,M,468,254,337,1,11472,5,71,295,306,8,1,0,R3,10
146703,California,,675,172,405,2,17897,12,6,379,242,12.5,1,0,C3,15
81298,WI,J,533,324,348,0,12238,0,87,336,337,9.689655172,1002,4612,C2,10
172301,California,M,1486,361,528,14,17774,7,46,406,489,12.75,2,2301,U1,23
92241,IL,M,1250,537,598,12,17954,5,78,576,572,7.619047619,0,3312,C1,20
116930,TX,F,3760,705,862,91,47863,2,71,761,800,11.9,0,2207,U1,20
20338,NC,M,1991,478,692,50,34641,5,25,538,615,8.636363636,0,2301,C1,12.5
177113,OR,F,404,199,293,0,10342,1,56,258,250,10,2,0,R3,14
46687,AL,F,413,72,246,0,7241,0,88,306,132,5.115384615,0,0,T2,10
171137,California,M,2094,600,654,54,22914,3,66,606,639,11.46153846,1,2607,T1,14
2499,IN,F,818,302,444,3,15112,1,69,397,345,5.642857143,0,0,T2,5
149644,California,F,3206,313,465,91,18730,17,42,399,383,20,0,0,U1,20
18584,NC,female,671,261,346,1,13238,0,80,325,307,10.6,0,2211,C2,12
186486,California,F,5045,604,797,95,42488,11,41,663,703,5.5,0,0,U1,3
148544,California,F,4286,811,947,95,33614,24,41,910,883,13.6,2,3908,S1,10
17217,NC,M,621,300,351,0,10470,0,86,342,299,6.705882353,0,3001,R2,10
111833,AR,Female,377,173,261,0,8169,0,75,212,225,5,2,0,T3,5
158245,CA,M,1993,442,520,49,16427,15,53,472,484,4.5,0,0,S3,5
179776,WA,F,1493,248,293,11,16982,5,54,240,317,14,2,3102,S1,10
165102,CA,M,2973,614,721,82,30483,6,51,674,656,25,1,2201,S1,25
95341,IL,F,1028,208,263,0,10716,1,76,234,220,21.09090909,28,0,T2,10
166375,CA,F,3373,546,752,93,32474,11,50,670,633,7,0,2901,S1,11
69577,MI,M,973,506,571,7,17806,1,81,521,549,7.2,1,6001,R2,8
29785,GA,F,505,185,276,0,9368,0,70,236,227,12.5,0,2501,C2,15
188279,MI,M,524,259,353,0,12714,8,72,296,276,8.666666667,1,3501,S2,10
150970,CA,F,1851,472,563,39,17217,31,52,531,530,20,2,4601,U2,20
77799,WI,male,923,373,497,0,16271,3,80,481,402,6.818181818,0,3703,S1,10
90694,IL,F,1401,420,508,9,17973,3,70,474,466,19.4,28,1501,U1,30
173508,HI,M,3952,696,786,96,24913,8,73,715,774,15,1,0,S1,25
102775,ID,F,1250,367,478,16,19095,3,34,430,404,16.45454546,0,0,R2,20
117255,TX,F,740,388,569,7,22630,4,64,422,487,8.714285714,2,1701,U1,10
145392,CA,U,3570,471,628,91,19152,32,45,561,561,8.272727273,2,3102,S1,15
185052,TX,M,2442,641,931,75,38212,2,48,993,764,89.44444444,1,5001,U1,100
179423,WA,F,1654,305,457,29,18438,10,40,343,377,20,0,1501,U1,20
6304,KS,M,500,272,451,0,30968,0,35,438,381,12.05555556,1,1202,R2,20
3631,OR,M,642,323,384,0,14420,3,58,355,356,13.11111111,1,0,S2,13
78199,WI,male,0,0,0,0,0,0,0,0,0,9.7,1,4610,C1,15
128496,TX,M,430,210,311,1,11608,1,78,256,264,8.666666667,2,0,T3,6
1292,FL,M,692,203,304,1,14602,6,3,266,249,7.6,1,5001,C2,15
114676,OK,,1062,486,584,4,17908,2,60,550,555,15.33333333,0,5201,T1,20
93065,IL,M,1375,353,475,0,16388,9,53,383,362,9.5625,1,0,U1,10
125181,TX,F,2469,346,835,61,47151,4,64,767,559,7.5,1,1201,S1,8
157204,CA,F,2400,451,569,70,17470,15,50,526,481,13.14285714,0,4204,U1,20
69445,MI,M,1472,532,634,18,20135,3,83,580,583,20,1,5701,T1,10
14370,FL,F,637,339,411,0,13370,1,56,394,380,4.5,2,4306,S2,5
10092,NV,M,1557,290,361,17,13837,5,6,311,342,9.428571429,1,3106,T2,10
58883,TX,F,1072,529,663,1,26712,0,42,647,579,7.833333333,0,0,R3,5
99136,IL,M,326,184,292,0,11372,0,79,256,242,11.4,1,1701,T2,12
187142,CA,M,1277,220,285,5,9182,31,36,245,274,18.05882353,1,1307,C3,24
53893,TN,M,593,367,446,0,14435,0,81,458,375,25,1,3201,T2,25
161980,CA,M,3197,296,380,95,13818,41,33,347,328,4.111111111,0,0,S1,4
23027,SC,M,685,435,441,0,14810,7,72,465,425,14.88888889,1,3108,S1,15
128963,TX,M,458,199,268,0,7438,28,53,238,250,7.778333333,1,2601,C3,10
7917,CA,M,5332,522,744,98,35022,35,27,546,677,4.814814815,1,6001,U1,3
190562,FL,F,695,283,377,2,13044,0,41,305,337,5.9375,0,1801,0,10
168234,CA,F,3514,531,833,96,38075,13,50,682,625,23,0,0,U1,23
41089,FL,F,883,374,466,1,19246,5,23,421,417,7.083333333,0,2112,C2,5
174803,OR,M,672,366,455,1,15505,0,53,383,422,7.894736842,1,4307,T1,10
162208,CA,M,5791,782,867,98,34593,10,46,835,814,9.846153846,1,2001,S1,10
113045,OK,,699,393,487,0,14925,2,61,477,430,16.66666667,0,0,T2,25
182105,WA,F,877,415,459,1,14758,3,59,430,446,11.28571429,2,3104,S2,10
19323,NC,M,740,279,398,1,12653,3,38,295,358,31.75,0,2401,R1,16.87
124683,TX,M,1074,481,590,10,18586,5,74,504,560,7,0,2401,T1,12
25641,GA,M,685,409,463,0,12546,1,71,422,436,9.4,1,2410,S2,10
165440,CA,F,1403,419,505,2,20395,16,53,430,480,9.4,28,6209,C2,20
124395,TX,M,838,337,496,4,18277,0,88,366,441,8.888888889,1,1907,T2,20
73504,MI,F,460,237,315,1,10728,1,82,279,281,13.85714286,0,3902,R2,20
188439,CA,F,1578,306,337,12,7046,50,33,304,342,9.118235294,0,0,0,14
187518,TX,F,944,438,532,2,17306,1,48,509,492,14.5,2,0,S1,16
24212,SC,M,2817,767,917,84,39319,0,53,863,866,6.25,1,4401,T2,6
21386,NC,female,498,243,326,1,11462,0,86,284,285,7.833333333,28,5701,T2,10
110291,LA,M,0,0,0,0,0,0,0,0,0,9.47125,1,0,C3,12
44828,MI,M,395,189,252,0,8510,1,86,242,215,6.857142857,1,2401,R3,6
45008,FL,F,651,271,325,0,11919,10,29,287,303,10.9,0,4605,U3,10
55484,MS,M,366,132,229,0,6873,1,85,182,196,12.75,0,0,R3,25
149429,CA,F,2280,353,467,69,16726,34,37,397,419,5.484848485,2,1212,U3,10
48455,AL,Male,387,203,281,0,9654,0,78,252,244,6.333333333,1002,0,R3,8
28621,GA,F,550,144,253,2,10249,6,63,211,206,14,0,1401,S1,25
131467,CO,F,660,183,251,1,11152,6,37,188,235,4.090909091,0,0,C2,2
160579,CA,F,3531,506,626,92,23233,10,51,554,581,9.540540541,2,0,T1,9
20533,NC,M,738,313,411,8,14070,2,61,350,372,15.75,0,4801,T1,25
29103,GA,F,718,206,295,5,11129,1,62,256,254,5.8125,0,2801,R2,11
122350,TX,M,469,223,270,0,8518,1,67,250,241,21.63636364,1,0,0,25
191547,NE,F,318,216,265,0,8799,4,25,250,240,21.85,28,1701,0,15
4544,CA,M,5132,655,826,96,38854,19,39,757,721,19.73684211,1,0,U1,20
140808,NV,F,1181,451,521,5,17987,9,18,466,494,17.83333333,28,0,S1,25
76625,IA,M,386,232,313,0,9987,1,84,276,274,5,0,1001,C3,6
57349,KY,F,685,288,379,0,15832,3,65,405,320,6,28,6601,C2,7
27366,GA,M,756,334,421,0,15669,0,82,334,426,6.380952381,2,1705,R2,16
100146,MO,M,464,256,322,0,10907,3,79,310,283,19.28571429,1,2308,S3,25
11991,LA,M,0,0,0,0,0,0,0,0,0,17,1,0,C3,25
27736,GA,F,1245,618,705,5,21467,1,38,634,687,7.285714286,0,5101,C1,8
114873,OK,U,553,176,275,2,10891,2,50,220,235,7.53125,0,0,R2,10
156997,CA,F,1869,358,359,31,15739,15,47,358,344,20,28,0,U2,25
80646,WI,male,360,198,269,0,8452,0,84,217,248,3.555555556,0,2410,R3,4
190837,WI,F,432,203,323,0,9769,1,85,300,226,8.125,28,901,C3,11
18322,NC,M,807,329,422,4,16724,4,66,374,390,7.375,1,2401,R1,10
118819,TX,F,786,421,453,0,12335,0,63,460,393,12.33333333,0,0,C1,20
14233,WY,male,307,184,341,0,10860,1,44,264,247,18.33333333,1,5301,C2,25
142163,NV,M,1270,447,472,5,15652,2,36,419,476,8.833333333,1,0,T2,12
149757,CA,F,4167,213,279,78,11264,0,64,376,224,13,0,0,U2,22
49650,AL,Male,472,166,302,2,8760,0,90,218,257,9.777777778,1,5201,R2,10
61191,IN,F,472,305,322,0,11371,4,64,308,306,6.578947368,0,1901,C3,10
23491,SC,M,824,348,400,0,14663,2,40,371,365,9.166666667,1,4001,S2,10
87127,MT,female,862,248,432,0,21284,5,49,359,357,10,0,2101,C2,10
263,SC,,2156,331,401,56,24742,0,11,319,419,11.625,2,2001,T1,10
137962,AZ,M,906,396,485,3,20138,10,21,417,443,9.666666667,1,3510,S1,10
21746,NC,female,481,162,247,0,10228,0,75,204,212,10.36363636,2,4801,R3,10
140632,NM,F,560,259,345,0,11660,4,19,333,295,14.2,28,2901,T2,20
20773,NC,M,475,136,245,1,8676,1,74,186,201,4.909090909,0,0,R2,5
81006,WI,F,567,149,223,2,7817,1,75,158,210,5,2,2307,R2,6
135060,AZ,Female,1654,439,652,40,23572,6,36,545,536,12.5,2,0,U1,20
86626,ND,M,799,325,506,2,17372,1,79,400,421,3.4,1,4901,C1,6
173039,CA,F,574,223,263,0,8735,5,70,243,241,23.11111111,0,0,R3,50
105660,KS,M,430,236,388,0,13227,1,75,333,314,9,1,0,R2,5
35935,FL,M,711,266,363,1,13120,13,12,351,305,10.66666667,1,1101,S2,21
31746,FL,M,576,326,339,0,11310,1,61,326,353,8.333333333,1,2802,T2,6
71491,MI,F,786,381,479,1,16368,3,70,443,422,17.5,0,0,C2,25
188666,FL,M,710,387,494,6,15917,2,44,446,442,14.77777778,1,0,S1,25
135016,AZ,Female,433,194,183,0,5088,29,50,183,196,7.5,0,5212,C3,14
175283,OR,F,1027,447,633,2,25039,5,46,584,520,42.08333333,0,4501,S1,50
69983,MI,M,475,239,319,0,10528,1,91,295,291,7.5625,1,1305,R2,11
42291,FL,M,568,221,328,2,14886,2,34,256,273,10.52631579,0,0,R2,15
160869,CA,M,1035,328,313,1,9472,7,55,339,298,4.15,1,1502,C2,4
28003,IL,F,1671,662,711,19,23530,12,64,664,700,9.2,0,0,C1,15
104732,KS,F,605,306,362,0,14037,3,34,335,343,6.285714286,0,1403,S2,10
126035,TX,U,262,163,260,0,7587,4,89,206,226,10.0625,0,1308,R3,21
29852,GA,M,593,301,361,0,11838,2,62,341,316,9.643571429,1,5712,T2,17
118091,TX,M,491,356,387,0,12961,2,77,384,357,16.125,1,4612,T2,20
8204,MI,F,301,205,256,0,8803,0,92,208,246,13.25,0,1503,R3,10
90947,IL,F,560,296,388,0,14237,6,76,384,340,15,28,5001,S3,25
144769,CA,U,5879,703,930,98,57390,16,42,976,794,5.8,1,0,S1,6
6912,NV,F,617,168,259,1,9154,8,40,202,239,12.91666667,2,2609,C2,15
2464,TX,M,481,195,307,1,11476,3,83,248,265,7.823529412,1,4104,0,7
71400,MI,M,602,336,391,0,12418,1,87,366,363,8,2,0,R2,15
250,IL,F,469,222,304,1,10469,2,77,241,257,10.875,3,1001,S2,15
99325,MO,M,1191,440,575,1,20176,3,58,536,515,10,1,1701,C1,10
120461,TX,F,547,309,377,0,11973,1,70,337,340,16.4,0,4401,R2,20
185760,GA,,659,250,432,0,14914,7,43,338,334,6.916666667,0,0,C2,10
133285,ID,F,466,205,265,0,10962,1,48,242,242,25,0,0,R2,30
60526,IN,M,347,213,275,0,7915,3,85,221,252,5.5,1,4510,C3,6
26858,GA,M,871,408,476,2,16480,6,37,426,452,11.33333333,2,4212,S2,15
61488,IN,M,682,367,448,0,14194,1,87,432,395,5.403846154,2,2101,R2,7
182156,WA,F,987,393,427,2,13350,3,52,408,420,22,0,3001,S2,27
133925,ID,M,605,213,303,3,10788,2,38,241,269,22,4,1906,R1,25
115431,OK,M,389,177,248,0,7982,0,71,218,211,4.8,0,2801,T2,5
72366,MI,M,448,291,359,0,11662,1,52,309,330,10.5,1,4701,R2,20
32527,FL,F,786,352,423,1,16104,5,26,371,384,3.444444444,28,3801,S2,3
175974,OR,M,542,199,262,0,9349,8,53,219,239,7.444444444,1,1701,C3,11
96008,IL,F,300,87,185,0,7586,2,84,163,134,4.838709677,0,0,T3,5
106610,NE,M,475,318,366,0,13159,0,75,360,324,10.5,1,2812,T2,15
80395,WI,F,902,477,517,0,15876,2,77,507,500,15,0,0,C1,50
86225,SD,M,499,247,331,0,12213,1,81,283,273,13.5,2,3611,R2,10
43595,MI,M,684,461,543,0,17874,1,79,523,503,5.75,1,0,T2,6
144812,CA,M,3608,336,526,96,19440,28,35,462,421,80,1,2801,S1,50
182480,WA,F,705,337,569,2,20987,4,49,416,449,30.71428571,0,0,C1,50
135265,AZ,feamale,815,264,472,0,18423,7,12,439,322,10,0,0,S2,14
84610,MN,F,780,477,507,0,16525,4,69,485,488,3.113636364,0,1111,C1,4
116533,TX,F,496,234,259,0,9429,11,74,218,260,7.619047619,0,0,T2,10
29501,GA,U,510,276,347,1,10325,0,76,338,305,17.42857143,2,2710,T2,21
102351,MO,F,787,208,356,0,11107,0,59,271,264,13.33333333,0,3301,U3,23
136935,OK,F,454,312,306,0,9808,3,63,311,302,9,0,0,T2,15
137833,AZ,M,762,375,437,0,14900,6,21,396,418,22.5,1,0,T2,25
162392,CA,M,3839,683,729,98,26731,19,46,669,706,11.85714286,1,2301,S1,20
186713,CA,F,813,297,424,0,22764,10,21,360,348,22.8125,0,3408,C2,15
12573,WA,F,1375,285,443,6,18247,7,41,510,330,63.03571429,0,803,0,102
112594,AR,M,704,222,461,2,18592,1,70,374,295,9,1,0,T2,15
145123,CA,F,5743,564,903,99,44839,9,47,812,708,4.1,2,1801,S1,5
58374,KY,F,483,169,269,0,9809,0,53,237,216,9.545454546,0,1712,T2,10
108316,LA,M,1903,213,379,45,20833,7,49,265,274,18.5,1,3909,U1,24
71312,MI,F,497,350,384,0,11696,1,92,364,357,3.08,2,3811,R2,3
142241,NV,F,2368,578,833,68,27653,7,40,827,723,13.2,3,3505,T1,30
7238,IA,F,374,234,283,0,10539,0,74,305,225,5.538461539,0,0,T2,12
132003,CO,F,508,240,427,0,14984,1,61,303,377,5.571428571,28,0,R2,8
172220,CA,M,676,156,203,0,4877,18,54,172,201,12.13333333,1,4011,C3,19
189916,MI,M,805,382,507,0,17020,6,78,506,421,21.16666667,0,1004,0,5
89358,IL,M,732,409,463,0,13763,12,63,416,450,11.66666667,1,3801,C2,20
82843,MN,F,737,302,445,0,14822,5,76,383,357,5.071428571,28,0,S2,5
56124,MS,M,600,254,294,0,9800,3,16,255,292,15,0,5106,0,20
75840,IA,M,686,356,492,0,19695,3,64,449,408,12.75,0,1501,C1,20
163220,CA,U,5829,585,977,99,52437,16,24,987,691,11.5,28,4701,U1,26
74615,MI,M,500,155,423,0,13674,9,59,385,263,7,0,1101,C2,9
45808,FL,F,877,332,432,3,16670,7,15,380,392,8.578947368,0,1809,S2,10
162593,CA,M,5954,1500,1263,99,68593,17,57,1500,1185,9.285714286,1,5010,S1,14
20237,NC,feamale,674,294,405,1,13120,2,65,381,347,6.266666667,2,5201,T2,13
54828,MS,feamale,338,158,227,0,6834,0,90,195,197,7.818181818,2,2606,R3,5
168589,OR,F,835,186,274,7,10045,2,32,244,240,11.875,0,0,U3,10
168275,CA,U,3373,643,729,96,29018,7,56,682,699,13.69230769,0,2001,U1,36
175438,OR,,925,129,441,8,18634,8,28,363,215,15.46428571,3,2001,U2,25
68427,MI,,483,341,430,0,14629,17,61,393,382,38,0,0,U2,25
89680,IL,F,1290,515,624,2,17626,8,74,559,575,10,2,4201,S1,15
132131,CO,F,613,129,244,0,8382,0,50,207,168,14.875,0,5901,R1,25
180175,WA,F,938,297,379,3,15721,5,52,319,344,14.07142857,0,2612,S2,20
85931,SD,U,246,256,297,0,9572,0,86,269,276,6.111111111,0,0,R2,6
147305,CA,M,2741,618,558,77,21986,4,50,609,586,12.4,1,5201,S1,15
122404,TX,F,546,201,319,1,10633,9,70,244,270,10,28,3401,T2,25
27670,GA,M,894,423,509,2,19549,9,35,481,452,11.5,0,0,S1,25
17791,NC,feamale,969,515,596,13,22008,7,51,562,544,25,3,3901,C1,25
113728,OK,M,493,244,337,0,12105,4,61,305,273,15,1,1901,C2,15
51846,TN,F,386,177,251,0,8524,0,83,231,220,15,0,5501,R3,25
51528,TN,F,472,257,337,0,13332,0,64,303,284,6.071428571,0,3701,C2,5
155642,CA,U,1034,176,295,2,10176,20,44,249,222,9,2,0,C2,12
99497,MO,M,834,383,413,0,12532,2,78,409,382,8.214285714,1,6201,T2,5
95240,IL,M,604,344,391,0,12452,5,63,385,339,10.71875,1,5209,T2,11
126639,TX,M,588,237,329,1,11033,4,71,272,292,7.4,0,709,R2,8
15965,NC,M,429,232,286,0,9832,1,75,259,253,3.6875,1,2701,T3,5
114321,OK,M,737,397,456,0,14451,1,56,420,420,15,1002,0,T2,25
132567,WY,F,985,413,478,3,16809,1,40,453,449,15.33333333,0,3401,R1,20
78312,WI,male,565,332,383,0,15523,3,72,406,370,10.55555556,1,3307,S2,15
188078,SC,M,1083,450,557,11,18815,3,38,502,506,11.125,0,0,T1,10
102398,MO,F,442,213,259,0,14114,1,53,210,274,5.166666667,0,2810,C2,12
45116,FL,M,1642,522,651,26,28264,5,9,551,611,4.913043478,0,1308,S1,5
155921,CA,M,1483,306,416,27,17874,4,50,333,382,14.07692308,2,2001,R1,25
77196,WI,F,940,428,495,0,16556,3,83,465,452,15,0,6501,T2,25
10893,CA,,2012,225,374,51,16165,10,36,316,294,15.66666667,0,0,R1,20
19621,NC,feamale,517,123,231,0,7025,1,81,180,194,12,0,2707,C3,21
149653,CA,F,1773,292,367,29,12551,41,37,306,346,15,0,4908,U2,10
159750,CA,M,946,382,524,15,18560,5,63,436,465,6,0,1801,C2,9
136269,AZ,feamale,1149,563,606,12,18764,3,27,566,598,8.555555556,0,3401,S1,15
108029,LA,M,729,407,483,3,13568,1,92,444,448,4.875,0,4909,S2,5
10719,WA,F,2375,327,377,67,16653,6,40,358,331,11.55555556,2,1401,0,19
156572,CA,M,3092,578,720,66,25768,13,47,644,641,17.33333333,0,0,S1,25
152737,CA,M,2312,456,589,63,21372,7,44,516,531,8.941176471,0,0,S1,7
94307,IL,F,1063,269,393,0,13817,36,55,322,304,9.173913044,0,2001,U2,15
129947,CO,F,552,194,315,1,10909@,9,49,258,262,20,28,4401,C3,20
108919,LA,F,629,210,327,1,11405,2,62,277,279,9.5,28,0,C2,15
4055,TX,M,1247,555,718,8,28285,4,62,617,672,10.15384615,1,5101,C1,10
175907,OR,F,807,351,420,0,16532,7,51,388,377,9.529411765,2,1508,C2,15
13188,IN,F,679,236,328,1,6997,0,91,247,304,47.18181818,0,5001,R3,100
35181,FL,M,1395,471,642,28,28892,6,20,509,580,20.875,2,3208,S1,25
53127,TN,M,576,216,339,0,17149,0,78,319,295,17.625,2,0,T2,30
88056,IL,F,1355,496,670,13,27692,9,65,567,593,3.8,0,2901,S1,5
145944,CA,F,2679,445,572,78,20693,11,55,470,535,6.583333333,0,2703,S1,13
86640,ND,F,553,340,395,0,13167,1,76,399,355,6.862068966,0,0,R2,13
99673,MO,F,638,470,521,0,15490,2,84,483,488,9.5,0,5807,S2,22
96000,IL,M,359,88,329,0,10543,10,53,218,159,3.583333333,2,1401,C3,10
170256,CA,F,1246,264,362,13,11851,4,63,296,339,7.5,2,0,R1,10
20821,NC,M,631,286,373,1,13818,1,83,324,333,12.21428571,1,5201,T2,10
189715,CA,F,5708,504,854,97,36020,19,50,708,575,16.25,28,0,U1,25
183898,WA,J,429,266,343,1,12534,1,57,302,310,5.5,980,1008,R2,3
155157,CA,F,955,329,359,1,10736,7,63,332,346,12.33333333,2,0,U3,12
137134,AZ,M,810,320,393,0,18361,4,8,354,368,9.090909091,0,2512,C2,10
129602,CO,F,638,222,286,0,10909@,13,22,307,230,7.214285714,2,2401,C2,13
182286,WA,male,699,262,299,0,12872,4,55,208,301,15,28,4001,C2,20
138804,AZ,feamale,1239,348,428,10,14561,4,34,365,399,9.444444444,0,0,R2,10
100569,MO,M,2241,584,904,61,29643,2,42,822,716,15,1,501,U1,15
9287,CA,M,1432,420,461,18,14210,4,50,423,453,7.2,0,3901,S2,8
104108,MO,F,609,263,355,0,13005,2,58,357,301,11.78947368,2,2712,C1,11
1357,MI,F,889,328,431,0,13456,6,84,368,391,10.66666667,0,5612,S2,15
10784,WA,male,791,565,571,0,20238,8,28,563,566,4.407407407,0,0,C1,10
140049,NM,F,629,170,243,2,7822,1,62,197,214,9.857142857,0,4501,R2,20
170489,CA,F,2128,470,567,56,16285,3,66,472,559,20,0,0,T1,20
184289,WA,F,645,359,381,1,11050,9,54,376,360,7.666666667,2,4411,R2,10
36353,FL,F,1344,335,446,23,22233,8,1,403,377,9.5,0,2101,C2,17
97689,IL,M,821,334,431,1,15694,3,57,371,390,10,1,3601,T2,10
133229,ID,M,681,382,445,0,16011,5,48,396,406,12,1,5001,T1,25
51845,TN,F,386,177,251,0,8524,0,83,231,220,8.444444444,2,0,R3,18
111485,AR,M,361,145,233,0,8563,0,52,182,199,29.57142857,1,810,C2,30
75331,IA,F,583,310,452,3,17243,1,78,371,385,8.5,0,4401,T2,25
96448,IL,F,760,393,510,2,10909@,2,78,451,441,6.909090909,0,2101,T1,8
88802,IL,M,1711,479,683,34,26817,11,72,542,629,13,1002,3101,S1,25
183702,WA,F,700,322,446,0,14360,7,47,415,356,11.33333333,28,4801,T1,10
175535,OR,M,904,339,510,9,20426,2,56,446,442,10.6,1,6101,U1,20
35325,FL,M,833,277,387,0,14317,8,21,350,329,12.14285714,0,1801,C2,30
181655,WA,male,957,418,438,6,14668,6,54,417,423,15.0625,2,4212,C2,50
95582,IL,F,607,279,442,4,19317,3,64,371,346,15,0,0,C2,21
14394,TX,M,631,273,294,0,8650,10,28,278,288,25,1,6901,T2,10
81823,WI,male,470,234,365,0,12277,1,89,355,271,25,1,4001,R2,45
143470,CA,M,4112,562,841,95,34677,18,50,798,725,15.14285714,1,5201,U1,17
77048,IA,F,342,209,261,0,10728,0,59,214,241,7,0,3601,C3,7
20962,NC,M,668,296,337,1,11490,5,30,308,317,15,1,3801,T2,15
58725,KY,M,313,142,251,0,9665,0,87,165,210,15,1,1811,R2,15
124104,TX,M,427,455,580,0,18517,3,64,464,538,15.25,1,5002,C2,23
65136,MI,F,886,490,606,2,17633,5,83,536,570,42.5,0,3501,T1,20
132558,WY,male,1034,511,610,0,30595,0,33,511,656,15,1,4201,T1,15
82248,MN,M,480,157,246,0,9020,1,80,184,214,5.916666667,0,2205,R2,8
38944,FL,M,809,303,361,0,11303,19,27,319,342,16.33333333,2,5701,U3,25
47111,AL,Male,453,219,299,0,9654,0,90,264,263,3.782608696,0,2401,R3,5
165620,CA,U,1609,346,435,15,16568,11,60,435,404,3.152173913,0,2801,U3,4
59561,IN,M,438,275,304,0,10632,0,75,324,282,8.2,0,6101,R3,9
27423,GA,F,442,218,286,0,9399,0,78,253,257,9.166666667,2,0,R3,5
13484,FL,M,1034,488,555,1,19446,7,12,524,515,15,1,0,C1,11
133491,ID,M,679,298,360,1,10779,3,37,327,332,46.33333333,1002,0,T2,100
63000,IN,,351,192,235,0,8757,0,79,214,212,20,0,0,T3,25
187284,IA,F,614,222,363,0,13840,1,69,317,305,8.666666667,0,0,C2,10
131423,CO,M,881,327,382,1,12204,5,33,332,375,14.8,1,4812,R2,25
22942,SC,F,616,324,361,0,15746,4,51,334,348,8.5,0,2901,C2,9
85579,MN,F,522,227,347,0,12849,1,64,292,294,20,0,2001,T2,20
3009,CA,F,1184,324,368,0,13817,9,55,341,352,9.875,2,4801,U3,20
105923,KS,F,481,322,352,0,10909@,0,77,318,359,5.857142857,0,1501,S2,7
187722,MI,M,1348,662,788,22,30766,4,65,712,752,6.2,1002,0,T1,7
15566,NC,feamale,683,343,441,1,15482,1,77,398,377,7.214285714,2,0,R2,10
84745,MN,F,604,318,376,1,12097,1,78,338,356,6.590909091,0,1601,R2,7
78172,WI,F,1167,558,626,4,19797,4,71,576,597,15,2,4401,C1,25
186334,IN,M,836,222,442,8,16007,0,78,431,347,8.947368421,1,1908,C3,10
170767,CA,F,1349,370,480,1,23716,15,24,418,436,12.5,0,2001,C1,15
149152,CA,M,4507,842,962,95,54642,17,50,1004,893,20,1,4401,S1,20
959,IA,F,586,349,465,1,15304,1,77,413,404,7.3,0,4404,C2,10
179563,WA,male,842,420,494,2,12894,41,24,419,476,16.4,1,5001,S2,23
41243,FL,F,556,246,330,0,10272,2,56,277,292,9.818181818,2,2201,S2,12
160500,CA,M,1467,311,392,7,15108,8,61,323,356,7.333333333,0,1406,C2,5
77605,WI,male,1304,465,609,13,23455,6,71,484,595,10,1,5001,0,15
190064,Tennessee,F,340,149,188,0,6842,1,48,151,173,10,0,0,U4,20
138758,AZ,feamale,616,403,443,0,14174,0,69,423,406,14.8,0,0,T2,20
8531,MI,M,497,275,369,0,12368,0,88,296,343,6.368421053,1,6001,R2,10
27846,GA,,1149,420,509,14,17492,2,58,460,469,23.33333333,0,0,C2,200
22782,SC,M,514,205,238,3,8533,2,46,224,226,10,1,0,T3,10
66223,MI,M,870,319,398,3,15849,2,83,345,357,9.571428571,0,5801,S2,10
189616,CA,M,2680,314,517,80,20665,13,41,506,402,20,1,0,0,35
79649,WI,F,556,259,258,0,12721,6,66,275,268,10.33333333,0,0,S2,15
138999,AZ,feamale,624,284,355,1,12121,3,29,326,324,8.434782609,28,1603,T3,10
8232,MO,F,322,190,302,0,10909@,0,80,240,239,13.41666667,0,3702,R2,10
43020,FL,F,736,262,347,0,12780,11,6,293,321,15,2,0,C2,15
118862,TX,M,868,554,571,0,21200,9,49,564,569,8.5,1,4208,S1,12
30104,GA,M,364,246,325,0,9720,0,89,307,287,8.833333333,1,5201,R2,15
154614,CA,F,1709,511,537,26,15138,9,68,518,527,15,0,0,T1,20
57151,KY,F,875,311,326,0,7746,3,29,326,326,15.9,0,3601,R1,26
71425,MI,M,713,300,364,0,16833,2,88,313,323,6,1,4401,T2,7
127823,TX,F,258,64,74,0,4236,0,94,60,93,5.45,2,2301,C3,6
150739,CA,U,1951,556,625,44,17208,10,66,578,619,9.681818182,2,5410,S1,12
41384,FL,F,556,318,352,0,11779,16,22,358,320,9.428571429,28,5107,S3,12
114721,OK,,1040,472,656,0,26962,2,56,609,579,11.66666667,0,0,C2,15
149152,CA,M,4507,842,962,95,54642,17,50,1004,893,20,1,4401,S1,20
959,IA,F,586,349,465,1,15304,1,77,413,404,7.3,0,4404,C2,10
179563,WA,male,842,420,494,2,12894,41,24,419,476,16.4,1,5001,S2,23
41243,FL,F,556,246,330,0,10272,2,56,277,292,9.818181818,2,2201,S2,12
